month	madrid	kaunas
JAN	6.61451612903226	-4.2734375
FEB	7.97619047619048	-3.8375
MAR	10.8365079365079	-0.171875
APR	13.2285714285714	6.2390625
MAY	17.2936507936508	12.3390625
JUN	22.1666666666667	15.671875
JUL	25.884126984127	17.5484375
AUG	25.4063492063492	16.684375
SEP	21.3968253968254	12.0703125
OCT	15.7365079365079	6.865625
NOV	10.2677419354839	1.9453125
DEC	7.0741935483871	-1.95
